{
  "Dashboard-0" : {
    "transaction" : "Dashboard-0",
    "sampleCount" : 100,
    "errorCount" : 0,
    "errorPct" : 0.0,
    "meanResTime" : 30.259999999999998,
    "medianResTime" : 29.0,
    "minResTime" : 26.0,
    "maxResTime" : 45.0,
    "pct1ResTime" : 35.0,
    "pct2ResTime" : 40.94999999999999,
    "pct3ResTime" : 44.97999999999999,
    "throughput" : 11.05460977227504,
    "receivedKBytesPerSec" : 16.387595346009288,
    "sentKBytesPerSec" : 1.5005769124474908
  },
  "Total" : {
    "transaction" : "Total",
    "sampleCount" : 400,
    "errorCount" : 40,
    "errorPct" : 10.0,
    "meanResTime" : 71.2925,
    "medianResTime" : 49.0,
    "minResTime" : 26.0,
    "maxResTime" : 896.0,
    "pct1ResTime" : 144.0,
    "pct2ResTime" : 148.0,
    "pct3ResTime" : 662.9900000000009,
    "throughput" : 40.100250626566414,
    "receivedKBytesPerSec" : 179.7092340225564,
    "sentKBytesPerSec" : 7.832080200501253
  },
  "Dashboard" : {
    "transaction" : "Dashboard",
    "sampleCount" : 100,
    "errorCount" : 0,
    "errorPct" : 0.0,
    "meanResTime" : 61.690000000000005,
    "medianResTime" : 61.0,
    "minResTime" : 53.0,
    "maxResTime" : 83.0,
    "pct1ResTime" : 70.0,
    "pct2ResTime" : 73.94999999999999,
    "pct3ResTime" : 82.95999999999998,
    "throughput" : 11.016855789357717,
    "receivedKBytesPerSec" : 80.21712673515479,
    "sentKBytesPerSec" : 2.829524484961992
  },
  "login" : {
    "transaction" : "login",
    "sampleCount" : 100,
    "errorCount" : 40,
    "errorPct" : 40.0,
    "meanResTime" : 162.0100000000001,
    "medianResTime" : 142.0,
    "minResTime" : 74.0,
    "maxResTime" : 896.0,
    "pct1ResTime" : 156.8,
    "pct2ResTime" : 558.499999999999,
    "pct3ResTime" : 895.7699999999999,
    "throughput" : 10.084711577248891,
    "receivedKBytesPerSec" : 33.91870619453408,
    "sentKBytesPerSec" : 2.6984482150060507
  },
  "Dashboard-1" : {
    "transaction" : "Dashboard-1",
    "sampleCount" : 100,
    "errorCount" : 0,
    "errorPct" : 0.0,
    "meanResTime" : 31.209999999999997,
    "medianResTime" : 31.0,
    "minResTime" : 26.0,
    "maxResTime" : 44.0,
    "pct1ResTime" : 35.0,
    "pct2ResTime" : 38.94999999999999,
    "pct3ResTime" : 44.0,
    "throughput" : 11.061946902654867,
    "receivedKBytesPerSec" : 64.14697697732302,
    "sentKBytesPerSec" : 1.339532632743363
  }
}